rmse,ard,mae,delta1,delta2,delta3
9.790129583457544,0.1670108578123861,5.2834343788601,77.55047821466525,92.50797024442083,97.55579171094581
9.688665624599892,0.1340487150332868,4.478876817545778,84.30836522689995,96.30945872061235,98.60579551667577
8.615224328737984,0.1392167759434606,5.157844974299243,75.06478548805067,95.27785775986179,99.1073999424129
8.024966641414517,0.29281338457459327,6.2959421338606285,44.106925880923455,86.24544349939247,97.08383961117862
6.3860393910481505,0.23324633163139363,4.902905050709977,52.67605633802817,80.92189500640204,95.00640204865557
11.498682058736486,0.24602620388703564,7.444337206756288,44.074074074074076,84.75783475783476,95.35612535612536
12.414916938622255,0.2864981268310099,8.456472066496671,47.44001978728667,87.95448924066287,93.71753648280979
8.797390845685358,0.17936132795953996,5.861138102171375,62.76099238516335,96.045197740113,98.575288626873
12.267755108792208,0.437951146230192,9.773894675759983,24.570446735395187,44.64899361806579,57.461953853706426
14.060621109621508,0.42598649649732073,10.414113032621625,19.260756569448457,50.534218885359515,68.46664741553566
9.393276175138915,0.22958801620479163,6.4111847831582995,61.09984794728839,90.85149518499746,97.00963000506843
13.073540728652056,0.18754009697171414,6.370604990694694,73.71558330967926,88.07834232188476,90.49105875674141
13.021514296578893,0.3166918503565208,8.481691140394945,43.45850999394307,70.44215626892793,89.27922471229557
8.382195322782685,0.13437106715107305,5.173026225170065,79.06116642958749,98.4068278805121,99.82930298719772
6.835792202042023,0.15793335591033122,4.001993879323365,80.51075268817203,93.44086021505376,96.04838709677419
14.672019389483948,0.4926827294455933,9.135274936433081,36.98714023270055,55.878750765462335,76.14819350887936
15.057971428553264,0.5283356442095353,8.01277396050721,50.81796032022277,78.38496345283676,84.75461190393318
12.912810488346857,0.36972823584944653,8.196667045698646,34.03157255616272,78.38494231936855,90.61930783242259
13.198171719612262,0.3137651718103967,8.615314473820812,33.48142164781906,60.662358642972535,78.59450726978999
9.547298812130396,0.21896221651514092,5.758471393199297,62.417804754678805,89.98482549317147,97.62266059686394
10.32139631830047,0.2788481769489154,6.966101814501034,51.91511387163561,87.34472049689441,95.08281573498965
12.832394845537873,0.424158591442639,9.043429213097111,43.7363238512035,64.82494529540482,81.0995623632385
18.81521398776891,0.31982241449089693,11.883830751490958,43.197879858657245,75.44169611307422,89.54652532391049
20.96734059656568,1.0138947864406673,13.543560751164831,26.201466196035838,39.695900081455335,49.25332609285908
22.652701502295443,1.750721822018213,18.114531309764743,13.404200155561316,32.40860772621208,47.186932849364794
23.130227791295887,1.3528664308788456,16.526021664879764,18.91332470892626,35.44631306597672,43.98447606727037
21.659823757831006,1.232513139700112,15.024836691272274,21.76853055916775,39.63589076723017,45.64369310793238
22.013490616528163,1.420462618789376,16.669110341310564,14.104260386345594,34.294786980682716,46.8642498015348
23.53961179622009,1.2375230693380141,16.061114875224643,24.807641284160255,36.879808967896,43.61899708145396
23.18684268327857,0.8796502103886188,14.759579710268186,26.192337763878033,44.61819129528277,57.38858483189993
23.269244266020518,0.7044930623024448,14.439251508874543,31.70189098998888,47.525027808676306,56.868743047830925
20.192609017398276,0.26612475920092854,11.05857488528506,60.72874493927125,77.84846732215154,84.67322151532677
15.492123591158016,0.1700920993707032,8.022577136005195,72.90572297484103,88.33287254630909,92.94995852916782
15.115203011239931,0.32463735384387343,10.464619501515847,32.87225386493084,86.6015730946569,95.06373745592623
9.862798600243902,0.2867760510144717,7.070484467923966,37.52919802751103,72.95613807422787,89.38489488710097
12.626925245721251,0.460094421901064,9.251256817093706,28.429752066115704,65.26564344746163,84.7697756788666
9.795235479113721,0.3231383271528846,6.573113025746425,54.40414507772021,84.42868830106353,90.91900736296701
9.627657087188332,0.24911815821524905,5.464318605481467,69.75345760673481,89.77751052315092,95.36981358989777
10.674106686873532,0.26315471654508205,7.095800266392779,49.73662323260327,90.68477959523149,95.6750762406432
8.72139906282142,0.18243393110369696,5.333165663778886,74.81636935991605,94.78838754809374,96.95697796432319
7.194816448908512,0.20714548454604087,4.966613682102903,57.585139318885446,96.21603027175783,97.48882008943929
10.41042178192733,0.27419584646374506,6.307064148570288,37.05417914511299,80.72420364824394,93.27525183773481
9.79241125420015,0.13898543890713164,4.736243627491868,81.64726947179946,94.8672038197553,97.224709042077
9.723064837119628,0.16977117454248827,5.619512907074099,75.93505363873587,93.76630907509423,97.01362713830096
13.834224715520772,0.24066570889075642,7.819793873400382,58.15336463223787,86.1658841940532,95.43035993740219
10.386644520173883,0.25891240141278976,6.2952903042151585,61.26975325755476,91.93235375658442,96.14638203493207
7.457959696735817,0.24300627236508268,4.609830358114041,63.045414069456804,91.54051647373109,97.65509053131493
7.306115441479583,0.15736528573420047,4.236393259303735,79.37971500419113,96.25593741268511,97.68091645711092
10.288138256808299,0.38161219608258423,8.348680760466094,17.7845220030349,48.46737481031867,67.79969650986342
9.724892697504563,0.1559624634270206,4.7722045974553655,81.24089717448297,92.54296533644043,95.74715991843868
7.8438471844502615,0.0910483867794024,3.143455038316731,91.5138327634442,96.33198632266087,97.51321106621076
7.951591414463092,0.1551939718719962,4.234163915788805,74.12656558998022,96.14370468029004,98.45088991430455
8.082684959879328,0.09906878944602626,3.678352006129191,90.21424435437174,96.5836711059641,97.79965257672264
11.092375931564485,0.17277349302588021,6.315893995288901,69.67854039965248,93.71560961482768,96.4668404286128
8.305557745022142,0.15600292531556087,4.745721291788583,75.3707473102646,96.24890956673453,98.34254143646409
12.157414466752021,0.38849062203540596,9.607692586797908,13.113715552739944,49.41400063351283,69.30630345264491
8.407524511597828,0.16111198296322427,4.548246648346768,76.90083839259901,97.42700202370628,98.87250650477016
9.754254930640457,0.18391178368955527,6.078956293729381,69.28406466512702,96.50692840646651,98.0080831408776
8.962331955512491,0.1738253293161989,5.138724630354738,71.44910868315124,95.48591144335825,98.70615296147211
9.660503509034482,0.38151559252237666,7.998159794483194,20.399429386590583,52.543984783642415,65.24013314312886
9.25325395895863,0.22513675720318305,5.826939766096986,63.40621403912543,94.04487917146145,98.47525891829689
8.049330666866897,0.13485954941616454,3.8421152759512127,77.46806039488966,94.25087108013938,97.59001161440186
7.962670054465761,0.175402300756429,4.789620393675167,73.55922386330727,96.87228496959166,98.75470605270779
10.841011876702925,0.30877361953728605,6.141257526856794,67.94871794871796,93.42431761786601,95.74028122415218
8.26373098284245,0.10739801931753945,3.926242896133777,91.14163903363335,95.54713405968735,96.92089057318807
11.124204682965503,0.3337968080701256,7.845242551545366,39.76670201484623,80.48780487804879,96.71261930010604
9.65582564236447,0.10962762300425927,4.334466975989458,86.72188084424258,93.61474752872027,96.87416510820198
11.704235882496544,0.2367866294358752,6.922891901504042,50.23004059539918,83.62652232746956,91.79972936400542
9.305065104341413,0.1250679792874038,4.955994973364752,84.9329205366357,95.562435500516,98.06501547987617
13.140260962806954,0.18628993076240527,7.556991927569463,70.609788013609,88.5632033499084,96.54540696152839
12.22876277928913,0.18651513817708062,7.506140223416415,69.84848484848484,86.56565656565657,95.85858585858585
9.55774580914785,0.1624823498215752,5.808832084782102,76.30956404190606,96.31632308212234,98.9861439675566
7.656483423597194,0.11585486442919748,4.478297015839441,88.99400819930621,97.13024282560706,98.9908546199937
9.79780848129593,0.19379335291854516,5.144473001996247,70.92097782831154,92.58101193860148,96.78794769755544
6.0855050161567625,0.10310027227121403,3.404317695391772,89.7442799461642,98.84253028263795,99.38088829071332
6.998461443936225,0.10692883814009725,3.5244395874476546,91.37239165329053,97.87319422150883,99.15730337078652
9.886168125969023,0.17471326579485127,5.506067784200579,74.97986577181209,94.76510067114094,97.53020134228187
10.139950228938089,0.48906654899601204,7.7546436534129715,35.02454991816694,57.16623801730185,86.06499883095627
9.153498995190873,0.3859847116669411,6.76933081649784,33.35807968324672,79.85647117050235,95.07547636723584
6.418178858215946,0.19373350426363878,4.421160463456446,73.28928739971686,94.87966021708353,99.26852288815479
7.0758672766720725,0.1372221587246764,3.9094976492965996,81.31183583730304,96.9219494320264,99.2304873580066
8.812654216588742,0.16312975616011743,4.991846956461199,78.69884575026232,94.22875131164743,98.29485834207765
7.396738221830266,0.21403223661353396,4.940624758402507,66.02777777777777,94.11111111111111,96.83333333333334
8.570605550924272,0.16631369382217398,4.948583156615018,82.03074951953876,95.41960281870597,97.59769378603458
6.14319150266521,0.10078028933496407,2.9942787258536776,93.21804917589841,97.94650094569035,99.0272899216428
7.381360664202019,0.16007955051638506,3.894332265551021,80.52223006351447,97.0712773465067,98.44742413549753
13.350686482943246,0.37023691155509775,8.921969128555666,29.310947883875482,81.21720881427072,95.27806925498426
8.159777018159792,0.19729089127239774,4.790589583938507,68.34588418592573,93.81978706829395,96.9618280965983
8.044956462009408,0.17979467026848808,5.429477210754028,65.19779669504257,93.59038557836755,98.87330996494742
16.84705170649335,0.8842218039637647,12.93433089839801,12.875029529884245,36.49893692416726,53.36640680368533
6.506666503645103,0.20966215731496013,4.421806981114518,61.836628511966694,89.25598335067639,95.96774193548387
12.967551825208975,0.4539324848758252,10.460357232179813,11.52304609218437,28.857715430861724,53.9746158984636
12.620388645418231,0.38758285292640693,8.572462320698166,35.9658208182289,76.28171931641636,92.51683065769032
8.093647628300033,0.23192028903385656,5.649693866388513,63.226299694189606,94.4954128440367,98.6493374108053
11.41808049074736,0.3345457872847202,7.359547267008813,43.042071197411005,81.1799850634802,95.09584266865821
7.25470993914692,0.20092064730148285,4.477607354196431,66.90087829360101,93.19949811794228,98.3939774153074
6.6405558644020894,0.28063129234840944,4.946581341586952,55.39674716609168,85.4115327747659,97.19073435189749
7.229966479755199,0.2397306613967576,4.753685106721314,64.42767295597484,91.06918238993711,95.87421383647798
17.942637044188253,1.1950017111256728,13.823903101773135,13.686647800360173,25.49524054540777,36.76357087728325
8.729387610376461,0.20130810747715547,5.11411965484674,68.1883537023724,93.60172537742632,96.26168224299066
7.963026560382636,0.20989512351246295,5.015834281467912,65.36874677668901,89.94326972666323,93.21815368746776
9.455664071105968,0.20183840124592015,5.08499062912445,71.86311787072243,91.59273341782847,96.83143219264892
10.45836359868734,0.1432459772153895,4.522080570638996,86.16438356164383,92.46575342465754,95.78082191780823
7.243733313917547,0.16252395972513514,4.392889941838441,76.34152788791964,95.66481628337299,98.46682527094899
14.600595789914754,0.22485176927198805,8.659687624466404,63.20630749014454,87.77923784494087,93.42969776609723
9.886114873408225,0.15421018012047677,5.617381008152892,75.09852216748769,94.35960591133005,97.88177339901478
11.716110670539278,0.2515642190732959,7.091912375413499,56.76535356006851,81.82040616589185,87.08098850012233
13.083630626438765,0.4472749870061028,11.263734123132524,16.98483997754071,28.66367209432903,47.52947782144862
16.616776981418454,0.6680295519779602,12.763525984999516,18.982789622399178,41.1250963267403,58.61803236578474
11.267643522608983,0.3313924735040514,9.299634959903894,21.40921409214092,59.719142645971914,91.35254988913526
18.503086892869195,0.8170435561279703,13.31698182655964,19.970703125,39.7705078125,58.9111328125
12.49637239030605,0.3285570042753134,9.850190090595119,25.92042755344418,59.44180522565321,91.21140142517815
10.409354493478345,0.24855752053629673,8.100611272023558,44.064793723108075,75.348013161225,93.69779802581625
8.810699108182133,0.29383031168368695,5.763652495803591,59.672304439746306,83.4566596194503,90.1955602536998
9.859434841142223,0.34023074491277405,6.37508180308389,58.5552268244576,83.50591715976331,90.2613412228797
10.232792155497346,0.46551076160109617,6.990301697089544,46.0613810741688,73.83631713554986,87.23785166240408
9.404368066469369,0.33800701128773497,6.4047999792265475,57.793017456359095,80.0498753117207,90.18079800498752
9.428130702658736,0.19776082396495454,5.479242388864787,71.87392942788627,94.7242206235012,98.35560123329907
11.246938296416602,0.1747730146200208,6.13103551882819,74.73426001635323,90.84219133278822,95.12128645407468
9.201629317939304,0.19152834438771615,5.523585905546684,67.55988631749898,90.580592773041,96.02111246447423
10.841720682903212,0.21122239567017764,6.233979268835924,54.57988980716253,89.25619834710744,96.38429752066115
11.811286921966806,0.2585460769411833,7.867308093612802,55.9533721898418,90.59117402164863,96.61393283374964
6.5212670922063625,0.11270147462235837,3.713717856486931,88.74397504961723,97.59001984689539,98.97930252339098
7.319149998217106,0.18669176836935872,4.787801104374033,62.27513227513227,94.92063492063491,98.83597883597884
9.42908233732815,0.21182248318498065,6.218966718387838,62.87196287196287,95.52279552279552,98.93529893529893
10.492241157302493,0.24546023187493038,7.161894221155995,51.81305398871877,91.941982272361,97.17969379532634
10.889710793820694,0.30828899635611534,8.097860668159374,23.25581395348837,72.60981912144703,88.77404536319266
10.416400026909491,0.34269871623547754,6.6835017578997284,42.99516908212561,84.7987117552335,93.17230273752013
9.471472602069143,0.21910958453905569,5.269262028536451,69.40532081377152,89.48878455920709,94.20970266040689
9.414528400627832,0.4707966847434838,6.539523011615204,50.374933047670055,69.7643277986074,80.39635779325121
9.922732297511875,0.4437022524179033,7.698012283242556,37.67430278884462,65.36354581673307,87.15139442231076
12.502043690378606,0.285887134393008,7.36769204588574,49.54979536152796,82.21009549795362,89.6043656207367
13.851973727775624,0.2473394385944811,7.933459129742175,56.69579926698619,84.43755286157317,90.6117846067099
14.92553069950224,0.44743628069024644,9.795020337247246,24.02217431475208,69.35632891900215,90.0523560209424
14.676902026206506,0.37594201792235593,9.514018272979392,40.36126739709802,77.93899911163756,89.48771098608232
10.547246018696033,0.1970715702903639,6.371663322392826,65.41433519850786,88.54249933386625,93.81827871036505
12.666905224715707,0.3497050915219787,9.831856032282934,16.56224461999455,60.25606101879597,85.42631435576136
8.731358097693674,0.1933205338531799,5.761364800286037,65.15588158239454,95.52004191773645,97.90411317788839
7.646973243563235,0.2335292618469162,4.683094157052556,76.96693272519954,91.1345496009122,95.26795895096922
8.243121904836027,0.19260602091093496,4.206707405821339,80.80249048772052,92.28640608785888,96.50639916983744
10.446162279450826,0.35603402701236386,6.6139296749994365,45.83778014941302,78.33511205976521,90.23479188900747
13.157892233258359,0.534783988829095,8.349571214880468,31.76178660049628,59.66363385718224,76.61979597463468
18.224070673258847,1.6319178938696028,14.81192129938943,7.742857142857143,16.62857142857143,30.2
11.036941640910102,0.4241743959649615,5.723610830352233,69.26968068289598,84.47676256718304,88.7448624723364
6.073752730973368,0.167640713244733,3.887474604553178,74.63126843657817,94.92625368731564,98.3480825958702
12.191306316828992,0.47650505331406595,7.646039409440521,45.781918912112815,71.14077058675396,81.96927726013598
13.88520112526477,0.45722087778636133,7.515483241053811,45.52177485620378,74.08929060531362,86.44207066557108
13.623228880342872,0.6565329580804318,9.062357577702405,31.448572967151318,54.63112547119009,65.07808292945612
8.708890498556443,0.2413533307864812,4.7149748533470195,70.11049723756906,90.0828729281768,95.11049723756906
13.506768959473265,0.46740379748787453,7.89240832875672,45.33869885982562,66.29778672032192,78.13547954393026
19.234602410267,0.7122723806744764,13.066558008723788,20.28673835125448,57.70609318996416,69.10394265232975
15.777859547412287,0.2358605778614734,8.575278765809243,64.20830029077452,81.20539254559873,89.05630452022204
10.64078030014019,0.27565264934003253,7.027761029377331,53.50269438029254,88.04208365409289,93.99538106235565
11.033171657646733,0.23419970550945843,6.700421587081466,52.466251298027004,81.51609553478713,93.6656282450675
9.573896143500113,0.15148503230747215,5.8485418262761275,80.0500536288881,96.13872005720415,98.74865927779764
8.997654764622705,0.2202635260668131,6.372530424617378,40.76570504179024,95.47047721757886,98.97546508492854
10.50280889228417,0.3513863468674205,7.469600936217654,32.056451612903224,87.14717741935483,96.47177419354838
7.6524095527280975,0.16286089107702573,5.0358130724015036,73.45272583618646,97.02396628917566,98.99920990255465
8.859036445308433,0.1595523003933995,5.031696971373668,81.83716075156576,96.37265135699373,98.74739039665971
9.513244105009004,0.17738372460696514,5.710907450815444,77.07488510408218,91.91673425250067,94.67423628007569
6.247408773976959,0.1277231703334649,3.1765632955956593,82.95286095463979,93.83338274533057,97.47998814112067
8.15005636362673,0.13523829489933661,4.198328012547397,82.6374391092554,94.60681976339596,97.98190675017398
8.866068815387834,0.19256667855660153,5.3876062984630275,75.83154506437768,93.99141630901288,97.26394849785407
11.61827125089154,0.32084899315592597,8.010034295625376,42.07154297917779,81.55365723438335,96.12920448478377
9.79111330821603,0.146138875334475,5.784526722158416,81.5677966101695,95.8156779661017,98.64936440677965
7.406448612650095,0.20221595155688002,3.9377884744453167,78.18930041152264,89.35528120713306,95.22633744855968
8.179762019696497,0.32821076127532767,6.129777289911928,40.503035559410236,84.61983232148019,96.2127782596126
9.065361035541542,0.23589652917017917,5.866031604116347,51.743334309991205,82.59595663639028,95.25344271901552
8.469577840496045,0.24802771146179542,5.733010243999866,43.15245478036176,86.3910422049957,97.6457077232271
12.45741165601433,0.21052091587773544,6.055215806518606,73.56064840693125,89.37954164337619,94.07490217998881
12.955152581832794,0.20617001274092983,7.837341803332104,68.93687707641196,89.30232558139535,94.98338870431894
13.104983938390058,0.24496113831098837,6.711090333231754,70.96472057446144,85.73212613175149,91.00842959725257
13.753576602196665,0.5650405262465578,10.041652307337877,32.96419342930971,66.33444075304541,83.5732742709487
9.504475477692175,0.6144370345942695,8.19158677420933,16.166916541729133,56.146926536731634,81.4592703648176
9.943141351836646,0.21102535546121204,4.8516085174013295,82.65822784810126,92.9957805907173,95.8649789029536
9.90178505191316,0.30668648030176887,5.608290431479562,59.464131374243735,88.10141169691732,93.46009795447998
11.414191143257135,0.2820347605353117,6.293205434385734,55.18196202531646,85.95727848101265,94.02689873417721
12.772719685157778,0.5142123668276858,9.19594907465304,30.22295623451693,72.13047068538398,94.4260941370768
11.998922522907192,0.3401854287747192,6.447975814997495,66.57509157509158,89.98778998779,94.23076923076923
10.563107081624166,0.2712739101944017,5.192503486100365,81.0,93.17647058823529,95.73529411764706
14.409170049346834,0.2450175352779516,8.421083068709809,53.98699108648518,78.51120211997109,91.76102144061672
10.266440709404995,0.33072194946431294,7.372965380894113,36.96128560993426,91.59970781592403,96.88336985634282
11.092297445606071,0.28410822009929854,8.120050472363658,38.160919540229884,85.40229885057471,95.63218390804597
13.61693578378681,0.24799838456609558,9.14937137840745,58.39178356713427,78.80761523046093,89.92985971943888
11.436480984479632,0.2037603698364985,7.362625250746588,60.37095088819227,88.81922675026124,95.24555903866249
8.057728462586972,0.13576952623206148,3.951189223198631,88.0969522438205,96.61627069834412,97.93616510679146
8.690701118817586,0.16957368979915996,4.6356156514321745,80.36917667740991,93.7591561675945,97.07002636976267
8.957224458900678,0.17669576990036756,4.655651469209448,79.20481297410412,91.49882291394194,95.47475804342139
12.79630453321923,0.26712649947742767,8.826429220698149,40.92725819344524,76.36557420730082,92.61923794297896
11.610858249928446,0.2938006686313456,8.072665351804247,37.28241101584827,68.64120550792414,93.34892179786958
9.544714061414844,0.13896894272359844,4.266562802700596,89.0381679389313,94.4732824427481,96.21374045801527
12.572906640214669,0.2732556851190608,7.670388047819581,42.39774330042313,71.5937940761636,94.1607898448519
12.714851946978559,0.1867940478523798,6.834618541092588,69.47162426614481,91.2216941571149,94.96785015376014
8.875801830101118,0.14745063687318605,4.453210828230553,79.26689576174113,94.04352806414661,97.53722794959909
12.803346098167863,0.32673352435234193,7.689301604100228,61.897451642615906,79.33681301811482,88.54774332207553
10.986720145369253,0.30371301502788606,7.302497303110252,48.59038142620232,77.89623312011372,88.41506751954513
12.141543376883341,0.749191055276992,8.770372051513766,25.42332458860005,58.64536131647985,77.89172430240878
10.571664580604343,0.26149370933990024,6.632678364409435,51.883420401429746,88.58949683805334,97.30547154248008
9.382615486940175,0.23632860506428913,5.145011530443101,54.91315136476427,77.19602977667493,88.63523573200992
11.985768381514749,0.2122873601450812,7.39573348654549,68.6080683943361,92.38578680203045,95.99251936948971
8.796191665886841,0.14888538665341566,4.7923867999525935,80.21405049396267,95.91108671789243,98.46322722283205
6.420473457911193,0.2296726715760645,4.4808317620322535,68.98148148148148,94.1358024691358,98.61111111111111
12.746487065842071,0.2388524001152886,7.739435163705825,62.76062285563473,90.12932172077065,96.70097651095276
11.763265628595805,0.29879727753967883,8.779388871923683,16.662209146830705,75.82241240973522,93.9556031024338
6.690626986606164,0.14196091783261644,4.083243270774599,82.9538645895746,98.2624325943679,99.4307968843619
11.21575807069647,0.37153607665688504,9.276474081361306,19.74921630094044,53.91849529780565,74.94775339602926
12.170580907749406,0.3520055360225943,9.968855508603655,17.928073000536767,48.8191089640365,79.14653784219001
9.003916336271581,0.2733765855804845,6.116058407537163,44.73145780051151,93.32480818414322,98.0306905370844
10.481112274815471,0.21656505076430094,6.262608421692383,57.19626168224299,89.74632843791723,97.35647530040053
16.396992195526863,0.364624754259695,9.534283096863525,39.546061415220294,74.60614152202936,89.85313751668892
12.091528320740446,0.3247819975366066,8.40329204634859,24.062877871825876,62.484885126964926,92.38210399032648
11.12462204454966,0.22621734798837076,6.591783455474963,67.20595788392399,88.34103749357986,92.1160760143811
5.044299837382002,0.16770422240440586,3.7185965466172726,76.71232876712328,97.39199157007377,99.4204425711275
8.15861938069084,0.18265066793162182,5.316270908929606,71.89380530973452,98.01769911504424,99.71681415929203
7.380537654677006,0.15021689359673018,4.713835415095091,76.71875,97.3125,99.46875
9.668921886541131,0.20572320445170356,5.891128670641751,69.2065985860173,91.4637339617701,95.33909400366588
8.076445737458101,0.1417280468640591,4.838892074080847,80.9322033898305,96.53072033898306,99.25847457627118
10.502965141133473,0.3239150456757227,6.850871685074597,47.96747967479675,85.77235772357723,97.06066291432145
9.276095301809688,0.17384388733058231,5.03541743981238,81.86247969680564,90.30860855441256,93.58419057931782
6.013490768195089,0.16604019982491514,3.86247594878182,64.44600280504909,94.03927068723704,98.66760168302945
13.713355330679516,0.36653496236774785,8.55073230741006,37.204030226700255,78.11083123425692,92.84634760705289
9.799129380640164,0.14326738940499206,5.11698459520825,85.68189180434078,95.88597343699384,98.15354713313897
11.860320936176512,0.25550712885669596,7.71869456152172,53.96419437340153,91.63682864450128,97.3913043478261
6.087296427667351,0.13123406763580492,3.7724603035957203,86.84480986639261,98.6639260020555,98.94655704008221
9.235730835797797,0.23656858528745195,6.587805964459495,57.800312012480504,87.727509100364,97.03588143525741
6.555612129165047,0.24404279772395873,4.893757115411848,51.37958746316635,94.10661666220199,98.6873828020359
7.600533393301268,0.25474792523529555,6.301413427621449,26.353790613718413,87.2356884992264,98.89118102114493
10.808779560078586,0.3485788806477812,8.707891993913984,18.7401986408782,50.601150026136956,90.46001045478307
7.184408259562316,0.16245566541279904,4.497041985446366,78.93243940175348,98.40123775141826,99.27797833935018
5.821515482426317,0.21096972288322532,4.659214407795955,49.18960638024183,84.61538461538461,98.94520195523539
8.174654469384297,0.28628539662204744,6.611783924118618,42.465753424657535,68.78372768783728,82.02573682025736
7.473061654267404,0.29005479667565576,6.384308608020772,24.01662049861496,74.51523545706371,91.27423822714681
11.655573338184508,0.3663329629934147,7.7828650140676725,46.52474993588099,76.96845344960246,90.22826365734804
13.498086742444304,0.4349993655357614,10.228556511118853,23.353293413173652,67.28647967223448,85.06145603529782
10.333558061518806,0.2250897466454689,5.731889150304898,69.39369870267407,87.39740534815992,92.77204130262113
9.227531730804106,0.2914528465694721,6.774473984237069,40.24874305371792,64.9642762635618,87.32468907118285
10.452773826566595,0.2649770044458034,6.727205694857975,59.763008758371974,88.63987635239567,95.82689335394127
10.698195329463879,0.28175493332155044,8.002203804838325,35.21765417170496,71.55380894800484,92.32164449818622
9.300166788759512,0.2813444330204117,7.54798573035692,29.404178488522053,70.02837245292753,93.65488779984524
9.853620522775184,0.16363376308414235,5.362487118338986,75.7703450092178,91.01922570450355,96.33921516987095
8.514030608380791,0.3222623067877504,6.261302308322966,45.6215065211605,80.38328453553368,95.55496406707479
17.767571091068884,0.35226224158027686,11.348607334023384,43.993839835728956,72.66427104722793,81.1858316221766
15.381768170008241,0.5010701887864987,12.304373320067922,17.65625,27.395833333333336,40.49479166666667
10.68919541848244,0.17290072457808844,5.86023896396809,76.95178849144635,92.41057542768274,96.42301710730948
8.67940056123862,0.17988305883919667,5.013232910026939,74.89606651742885,92.7406459865686,96.64214902462423
7.278705108712983,0.21291289344734288,4.655089698321167,56.25370480142264,82.57261410788381,97.5696502667457
10.369895238664382,0.1767695210623674,5.73469501276357,74.19449326303457,92.00351493848858,95.51845342706503
10.195036471086214,0.38044668786154734,7.615784811529793,33.77394119233882,76.20717561370381,96.3852171567305
15.316741702636318,0.37794273208319057,10.083831614608933,31.28532809043991,81.44507249938559,91.05431309904152
16.40713742053657,0.2669276984490516,8.389532776134102,68.40931615460852,76.73439048562933,80.30227948463825
18.321588427557714,0.5917247892919897,11.75225643469737,31.022267206477732,58.198380566801625,70.47064777327935
21.788541346192776,1.2302363388378652,16.933028037949363,7.945544554455446,25.71782178217822,40.0
22.070605499900243,1.0789654206759305,17.822760574734627,9.875621890547263,26.268656716417908,41.66666666666667
18.330670975756632,0.5222801826209748,13.892334845135755,16.26280289782663,34.299275543342496,57.431926055458405
16.260086195679705,0.39938159412948904,9.598973199375514,49.18994413407821,71.95530726256983,80.97765363128492
15.677974641681837,0.4493635485957084,10.641305757101817,17.49271137026239,41.62617427923551,60.18788467768059
12.42523273199656,0.3086802620509809,8.357495191299721,39.05705866595232,77.79266005893383,90.54379855344227
9.729215788944742,0.19567860591458677,5.962178278831692,66.04152712659076,92.73275284661754,97.58874748827864
12.60803103592577,0.3429221958507084,8.000568621556381,53.48898216159497,77.30849947534104,87.40818467995803
11.886899654628932,0.36561224283765914,8.572387964519946,32.6664241542379,79.08330301927974,93.30665696616953
10.374525257355696,0.18551065141295078,6.3832672169588225,66.31963984243107,93.05008441193023,96.45469893078221
11.540689162316639,0.249951138384098,7.087117670694308,53.49519743863394,86.33938100320171,93.43649946638207
8.492304955412452,0.24825359999970445,4.865138612591657,70.27896995708154,90.87982832618026,95.22532188841201
8.381824522747431,0.2667153017951209,4.887654945582683,69.77964323189927,85.51941238195172,90.37250786988457
10.197696663906184,0.2932831081881056,5.798413345009708,62.99946723494939,86.62759722962173,91.848694725626
11.575731554909868,0.44349049582785083,7.823496548692513,36.88102893890675,71.67202572347267,83.85852090032154
9.862978494606978,0.33224987880411966,6.222232756271861,53.90600684718332,78.21350762527233,87.4260815437286
14.079948065807608,0.6996615823806145,10.423868954146045,11.08786610878661,46.92169754931261,72.41482367005379
17.054487542480206,0.4737471591906754,10.488331326923364,44.69846275128104,67.00827749310209,72.80252266456445
14.418022502780474,0.46832332279767136,9.184283608889515,47.8789676653812,72.82705428656186,78.40403441115396
13.555423255403992,0.4190605469663191,8.232814657473993,52.84431137724551,79.61077844311377,88.53293413173652
12.68170966823541,0.3348650742152978,6.996310115483942,69.66879721092388,84.97966298663567,89.27948866937827
11.357787195056497,0.5744411457381136,9.145808272174998,20.850943927867004,49.81684981684982,85.1789236404621
7.697650641928294,0.23278257893505883,5.006628763846036,66.18100308209583,90.89380778929672,95.43289436817035
12.90049819734746,0.3669793835242189,8.866723425075133,25.41554959785523,81.15281501340482,94.82573726541555
14.687350159835926,0.3700651807966591,10.206426989776519,32.506702412868634,72.35254691689008,89.47721179624665
10.376154955426697,0.26826224753985517,7.067697735543679,59.57815660213811,86.56457671193297,93.55677549841086
10.722224854500023,0.37049214708293077,7.946176263742047,22.484058774604936,53.86747990019407,74.54948710840034
10.826817645611419,0.19368770237710595,5.8729509379909715,73.03030303030303,90.05509641873279,93.16804407713498
13.500720273132357,0.3814858015436702,8.358084171867826,31.33971291866029,61.36363636363637,79.1267942583732
14.79672037444158,0.6605897968029886,9.87513945970675,29.474812433011788,48.58878170775277,65.45194712397284
16.958677546422066,0.39162783776204313,12.121885937096467,17.568407960199007,49.657960199004975,82.46268656716418
10.971589532140474,0.27045140162966536,6.9843443102889005,52.28021978021978,88.24175824175823,98.02197802197801
11.453338403797686,0.2391577812650998,6.028017905352007,62.39197100641204,88.70922776693617,94.0061332589908
15.43407060052572,0.3238604238808971,8.330048562769305,54.07017543859649,76.45614035087719,86.10526315789474
21.31910904133873,0.7555961617126881,13.449856841370313,23.4734581159865,42.5897514575023,61.52193924516723
16.443403385733856,0.37126872143716777,10.876820791142265,36.85767097966728,73.56746765249538,88.65064695009242
10.923603300377524,0.16586076218123413,5.492055449095912,78.82599580712788,89.66756513926325,92.39293201557352
12.059324915670759,0.38575356697129337,10.19180531013669,19.75662133142448,51.03793843951324,71.05702696253877
12.515126188851493,0.4529149393489901,9.754031553648739,27.50825501651003,70.96774193548387,90.27178054356109
9.636598268735042,0.29044492985748094,5.771927841213474,53.91779062299293,84.8747591522158,95.43994861913937
13.674810277892963,0.33423778629079554,6.212073218840847,76.54853620955316,85.73189522342065,89.0909090909091
10.557810886806166,0.3045433444639061,6.162621349191182,65.06512301013025,85.49927641099855,91.49059334298119
11.752822714755704,0.3702391020945929,5.912730303498306,72.51773049645391,82.12174940898345,86.31796690307328
6.1468053629889825,0.3256092564365158,5.25297890741444,30.86742094574993,89.87525384392225,98.60748476936466
12.199146318659345,0.47045121128855244,8.295988814761278,25.76045627376426,65.36755386565272,90.62103929024082
17.695114948002235,0.22601076293219075,7.840049576096831,71.12205416813225,83.57368976433345,88.25184664087232
13.736405258789425,0.21142753051535287,5.517309949656201,75.03980891719745,86.46496815286623,90.72452229299363
16.753558864200652,0.4752963601301972,10.027840675181316,18.141592920353983,67.42682096664397,86.62355343771273
16.645774479630848,0.2857334593113265,8.345361545315995,60.98235904531304,83.84641992390176,89.51919750951228
16.88847284191589,0.42083483367008173,10.415323539678152,25.25974025974026,73.24675324675324,87.20779220779221
17.424764291351003,0.49073566142521474,12.046930769444238,17.922374429223744,57.724505327245055,84.70319634703196
14.879553006174897,0.4597046307304752,10.739227430760124,13.272513243084166,66.24484991171278,91.20070629782225
12.49039566952936,0.2983167003144078,7.896831442515055,53.971014492753625,86.17391304347825,94.52173913043478
10.620285558402683,0.3336137263412662,7.222864357650059,42.843016069221264,78.59085290482076,90.67985166872681
8.578176961027923,0.26416621436685056,5.592760518515781,54.70006184291899,90.22881880024737,96.19666048237477
7.287731385994854,0.14828233904834634,4.164715034272111,82.17898832684824,95.59014267185474,97.71725032425421
10.155493534379225,0.4205844788376197,7.570375269688131,37.88501026694045,64.50205338809035,91.04209445585215
14.779155799674424,0.3351743452082422,9.69050923671473,48.438751000800636,70.96343741659994,84.30744595676542
11.574969391265325,0.43053584965011427,9.626295593393829,18.73015873015873,42.65512265512265,64.04040404040404
8.763549938247515,0.24774755871333828,5.897185777277516,53.628620102214654,80.95400340715503,92.98126064735945
12.58595354227217,0.35163758067881273,8.321136623398397,40.77455048409405,78.53388658367912,90.65006915629323
10.808521333074658,0.21862601641745386,6.837895012922668,67.39398929600658,88.6372993001235,93.70111156854672
9.797614391686297,0.16402550220950038,5.5184989289057595,75.97382362106575,92.95730757245248,97.91212215643502
11.31203716129905,0.22187480638240822,6.752684943122028,58.88558290505815,90.58696240194752,94.96889369759263
9.553028966412088,0.2614823362473953,6.192958505196934,52.34353833649418,85.4510972636142,98.10349498780818
12.772716751426227,0.41236916751519564,9.443021093708364,30.40128410914928,70.2728731942215,95.18459069020867
9.115332440766172,0.1616573094542488,4.788177938409893,83.01886792452831,94.85175202156334,98.00539083557952
9.18016353051588,0.28481739346760687,6.738771090668151,37.63352506162695,78.80032867707477,91.39961654341276
7.8868173795951,0.1378577729050849,4.367425565305441,86.39631866551625,97.06643658326144,98.70578084555652
14.536602412138022,0.5237839584800206,11.325973781367262,14.267636823789939,32.77443846883897,51.945586839607714
12.138104248550269,0.20799605009217415,6.632724495585874,75.75539568345324,88.3093525179856,94.46043165467626
16.311371405873423,0.5154923281826839,12.299227719689593,17.12962962962963,37.65432098765432,51.60493827160494
8.385043121875198,0.26910744260806174,5.2502947701851905,53.76532399299475,68.6765073805354,79.60970728046034
10.671104053099787,0.25729400245371387,6.241254140182909,47.91822488157567,78.23485415108452,91.2490650710546
9.855562897333233,0.27643044919460624,6.963235407674443,27.882960413080895,79.08777969018934,97.18875502008032
12.964869049322623,0.24028530680251578,6.966168685176876,67.41165810933254,89.27816369676836,92.38900634249472
14.269061606365273,0.4475467297166998,10.93426369548972,13.958990536277602,38.28864353312303,60.17350157728707
12.091643189516144,0.1922187455169086,6.729972675836769,68.96251089799476,91.77564661435629,96.8323161871549
9.778016277889163,0.22481520631487084,6.935448865600044,45.68527918781726,96.8092820884699,99.38361131254533
7.532440609283427,0.13404146453213123,3.9937307463574254,89.10310142497904,97.03827884884045,98.77060631461302
9.499692589934797,0.17386750851983276,5.110815473993954,73.77740303541316,93.36706014614953,97.04890387858347
11.487139664264625,0.3817156039664473,6.679716896000716,64.58832933653078,81.77458033573141,88.48920863309353
10.202433306160126,0.4054556615355144,6.815321489744467,53.97973950795948,78.48528702363724,90.25566811384466
11.74718255659942,0.42144481019872254,7.593444077168305,45.11725586279314,69.79348967448372,85.6142807140357
10.031789367993206,0.2694336096849055,5.54053796487013,66.83119447186574,87.98947022046725,93.87956564659427
14.458853090121004,0.6290932668027827,10.957891154767218,21.032959565069657,47.60448521916412,80.1223241590214
14.809810704190989,0.3737384727802793,10.285422172804228,43.22305229455709,67.94734969761652,83.74244041266454
15.972263033124564,1.1748803574477562,12.79366351994745,6.391809629219701,23.85168788046486,51.715550636413944
12.964126732142725,0.6044968248336657,9.1626691451846,42.814924270410046,68.78463243442926,80.16254155892132
13.679499564286226,0.4627384457601237,9.205817425745911,48.24667472793229,72.30955259975816,83.11164852881903
14.294615951198464,0.5603926150645632,10.404608089683643,31.35709389993146,53.49554489376285,68.81425633995887
10.73087231568018,0.36797327336878743,6.732303465370096,56.219193969266456,79.84923166135111,86.80777036822266
8.821453829877617,0.32559574759977655,5.877798487782961,36.32683106367317,75.34044902465955,92.74935590725065
13.102903092982093,0.9021399607684992,11.254031582820884,11.981441048034934,25.736899563318776,54.093886462882104
10.877538921685913,0.5090435448596105,7.520465133395494,24.28690113541955,80.14400443090557,92.3013015785101
9.964453472058477,0.30619152726304805,6.404187203698619,49.02088772845953,79.177545691906,87.27154046997389
13.4766346782793,0.36825107846587996,7.2994302007086365,64.39966414777498,79.37307584662749,87.37755387629443
13.471578871748529,0.48767368280306167,9.217911585306247,29.004076878276063,71.95690157251019,86.16773442050088
12.992864707185017,0.41296510939208125,7.71004386851103,60.08663366336634,76.29950495049505,83.69430693069307
14.13528870938406,0.40391183571695477,8.188917675970918,55.49757733879985,71.82258665672754,77.78606038017145
11.403768323979243,0.3133274173990073,7.006610337616766,51.52384367156687,85.33524560774471,92.43456435998566
12.855192592323089,0.3844423412937719,8.20099982343069,38.353658536585364,79.81707317073172,94.6951219512195
15.07764526272721,0.5199054515587654,10.086565493425521,32.96415039347129,62.838822500728654,82.30836490819003
12.62268961068445,0.3291189137645967,7.306194548532323,61.667631731326,76.20150550086856,82.31036479444123
10.416299156766978,0.3565185830116927,7.175239669928511,40.034023249220304,74.6526793308761,93.25205557130705
11.10796271274235,0.2669851761692785,5.921732574111164,74.00990099009901,89.51113861386139,92.45049504950495
9.793305582373407,0.23963488564526794,4.8311975558106965,77.60094311818449,92.07191276156793,94.42970822281167
13.758176977320472,0.43828388610493374,10.345173563480198,14.23754215061821,40.72686399400525,81.71599850131135
11.991454631319398,0.29701828912722056,6.824336674658503,61.476121562952244,90.68017366136036,94.8191027496382
9.80622107401455,0.19526259598841636,5.941764620019884,70.51724137931035,91.7487684729064,95.76354679802955
8.925471211325473,0.2601182865240827,6.506812538938128,57.14285714285714,87.33381677544114,91.95068890500363
6.884238383733931,0.14066644269026846,3.6973969600953076,85.55133079847909,97.17205323193916,98.40779467680608
11.066970842718288,0.393485880422993,7.741151524931192,40.0625,71.3125,85.625
12.304130428121923,0.4426423632114767,7.23910593816536,51.97243346007605,72.98003802281369,83.67395437262357
13.642039734058672,0.9462800230281764,11.590680155421053,8.256632376827287,21.30481862479697,52.32809962100704
16.107683718114757,1.207365941390308,12.253806980507159,6.583242655059848,24.075081610446137,47.470076169749724
11.422421442745899,0.4378551895910057,8.225163962304466,24.761146496815286,74.17728237791931,92.33014861995754
11.009007440600472,0.20790455643741412,6.550209932451056,71.72051919359293,84.64512565589615,89.47804473902237
13.187497938233886,0.22953105730194656,7.875415907077446,63.7125748502994,87.12574850299401,94.55089820359281
6.015414904863595,0.1496318401745982,3.7518595077090175,79.85908649173955,97.52186588921283,99.17395529640429
11.315335835381232,0.4167299680756657,8.611178785112282,27.723297111052215,71.9321494831699,94.14259210177578
15.38209596845213,0.41176465435558435,10.618698630616416,37.101910828025474,68.84288747346072,82.56369426751591
8.698641068893837,0.25057460616434296,6.133693506950131,38.30580713905168,94.99200852424082,97.22962173681407
5.879371452297902,0.09727415321206669,2.927799935462776,94.30523917995444,98.00050620096178,99.16476841305999
14.266061471229415,0.527890953643994,11.956365438748213,14.85121485121485,26.481026481026483,36.14523614523614
10.665759030369047,0.2825506615702229,7.273889943290235,36.61082120296622,89.81049162318044,96.7042021422686
17.232784757827414,0.34187966238750556,10.620477850743512,38.435754189944134,80.97765363128492,89.72067039106145
16.210873804611207,0.3503868339673162,11.085448541298756,48.78453038674033,69.50276243093923,80.16574585635358
15.20089760204924,0.35855440317911746,10.290160641577495,36.07983623336745,78.40327533265096,89.20163766632548
14.284686822226465,0.2608171476022953,8.843305762457708,62.41415742208135,81.45800316957211,92.63074484944532
14.03308501375491,0.2101261063768128,7.747915000204869,71.99062011464305,86.47733194372069,93.27774882751433
15.495990002503069,0.4053725184396252,10.508649345305116,44.57412465855475,70.47429848522472,82.84082443506333
12.731734673826796,0.45627918972413384,9.665920992532227,20.82960310355118,38.4362876753208,56.84870188003581
12.263158226561073,0.2908446771341948,7.718636584315836,53.69843527738265,83.57041251778094,87.81412991939308
8.33360639654328,0.2249064222324633,5.119441962382235,70.02938295788442,90.81782566111654,94.95592556317337
13.049769451779843,0.777086847355444,9.891527534372226,13.561536451528614,45.15286124902012,73.71309119414686
7.271993676057087,0.29240473025055846,4.644910296253146,60.29539530842746,89.19779901534896,95.27946713003186
10.813845260213526,0.5292799947613859,8.635669051529351,25.54333243895895,57.526160450764685,87.46981486450228
12.066614973654572,0.4917312413183849,8.292045100548238,33.78300803673938,73.24913892078071,83.81171067738232
12.879384508582136,0.5919973019945722,8.229599769528942,46.82656826568265,69.5940959409594,82.65682656826569
13.476227433106594,0.4255314160860079,7.034613967379299,57.58409785932722,84.89296636085626,90.45871559633028
11.259973620344272,0.5819566204334111,7.584435406829868,48.35225699252285,69.2605926336195,80.39324286901135
15.7977995327626,1.1645770492884162,13.598356263311011,10.355299119344064,27.23959914971151,41.14788946249621
17.255823506956272,0.6015745713494479,10.990258491376736,46.7412771560237,74.39104674127715,83.37722185648452
15.985120856565924,0.48275405068355337,9.470034550065579,47.493961352657,71.55797101449275,83.81642512077295
14.4458747299701,0.543580276624914,9.113775952017194,53.58592692828146,76.08254397834912,83.4235453315291
14.506629130754172,0.6265288694040129,9.81443361996392,46.45527968890219,65.03140891414897,76.57792402034102
11.554476746022665,0.5182913134997024,7.6298089685790655,55.599886007409516,76.94499857509261,85.52294100883444
12.21898432949715,0.36396361899969054,7.740948526075137,47.53661784287617,78.10918774966711,89.40079893475367
12.831101782394589,0.5605050938334976,8.764607565743583,33.50970017636684,62.757201646090536,79.98236331569665
13.707699127258463,0.5730056896464077,9.959847616938363,35.5543987506507,55.15356585111921,68.84435190005206
8.930676056439566,0.5147339676286518,6.759924829904757,30.180313331362697,71.85929648241206,82.38250073898907
9.2297858336453,0.31089484186919075,5.55440830434877,66.69264744089374,84.43751623798389,91.24447908547675
8.462670070671045,0.2858928064500476,5.258102412429152,50.23923444976076,83.67889420521,94.44444444444444
11.284009175743208,0.7413007945192697,10.109370831638346,16.342710997442456,33.04347826086956,65.14066496163683
11.750118231598698,0.3293751487021158,7.313168561002806,48.411416262789444,84.06031233171782,93.88799138395261
8.902057278748197,0.2158312295039179,5.184095846026777,75.36144578313252,95.24096385542168,97.46987951807229
11.70112716960397,0.2270038678928147,5.848454351534936,73.79550321199143,89.5610278372591,94.67344753747324
10.386729483089386,0.3447149204523103,6.522243390221235,49.003089019938216,91.1541701769166,93.96237012075261
10.52773343501003,0.2826481895076473,6.3291632200904395,67.35930735930737,93.24675324675324,95.9018759018759
10.44949850148954,0.24636153295693852,5.752085688116894,78.03203661327231,91.39016018306636,94.33638443935926
10.618358203879936,0.28210336640494954,6.259086763558726,62.58581235697941,85.84096109839817,92.41990846681922
9.261273458951157,0.21454883442003034,4.753152754790105,81.95926285160039,92.11121888134497,94.34206272227611
11.480746889483942,0.28298631496733384,6.379164845636945,69.00218955270566,87.23803565842978,92.24272755708476
7.515185535178579,0.3341090318950605,5.675747521631939,42.40132356416923,85.10990309619476,93.7603403450721
12.264361520945897,0.46569936971925696,8.58683274853375,30.60488346281909,67.78579356270811,89.95560488346281
10.496140435632748,0.19348453366218146,5.56687702548881,77.66162310866575,90.61898211829435,96.2585969738652
10.735262692314006,0.2154499997700269,5.790587279898694,76.01455359641758,91.3518052057095,95.13014273719563
9.576580879420895,0.21910773006416212,5.366070809082231,74.28896473265074,91.49601820250285,95.79067121729238
11.743548180047618,0.3026836412854559,6.778132499857227,59.26041019266626,88.19142324425108,93.25668116842759
15.589190611734976,0.5536438958086038,11.698765555785181,20.500324886289796,54.58089668615984,86.58219623131905
11.448647881270208,0.29357676791508774,6.544724603355665,51.499732190680234,83.8243170862346,93.06373861810391
10.909985576469602,0.2485658306026946,5.899680618345011,72.10939615488763,89.14161927971838,93.93447062009207
12.489503706902688,0.2606422423651318,7.079713739265812,58.7651598676957,79.74090407938257,92.33737596471885
10.076329614796338,0.20579734239246134,5.51492364804812,75.54229934924078,87.41865509761388,90.31995661605207
9.701633534049325,0.25347150396847007,6.215031477926396,51.04469717006083,88.12483469981487,94.52525786828882
9.942721958520751,0.40150406724967547,7.39554824933764,33.31591324797492,72.95531748105566,93.33681735040503
9.118202065544232,0.21882061831320948,4.784668189801184,74.53133369041242,91.88537761114087,96.06320299946438
9.80076741538325,0.23070107059061212,4.8231848244747875,77.72881355932203,89.79661016949153,93.05084745762711
12.565798897468335,0.3127564245600723,7.2009503232531555,64.56668715427166,82.23724646588813,89.36693300553166
14.698985118190159,0.5665936691782919,11.64365766563869,9.73337616447157,21.29778348859621,46.48249277224542
10.485114255181653,0.30618766275845716,7.209355854730149,43.66306027820711,90.21123132405975,95.92993302421432
11.913543386266834,0.2838291608726538,7.188740538760108,51.12244897959184,88.62244897959184,94.61734693877551
14.73519547492538,0.3887888443242155,9.043073733908699,37.71275007464915,82.05434458047178,89.13108390564346
8.232709476482153,0.3558025095227062,6.046529439653133,43.80226266601082,86.42400393507133,95.03197245450073
13.97498381654297,1.126400638342962,11.63842573452867,3.3046749059645353,15.368081676518,48.387963460505105
10.249899867080346,0.5871202877811214,7.927910486697312,17.064589092736867,62.025634581553156,87.73561196280473
10.917332255303721,0.42862581550458867,8.257640585074785,14.83342147012163,63.03543098889477,90.8514013749339
7.5079247366002955,0.20704103190925732,4.61705034671091,69.66347334807172,86.98108572832228,94.44853844264308
7.2788597812736775,0.2034539169035109,3.8363785847787497,82.83204684588767,94.86292254458344,96.99228107532606
8.758201001032354,0.2770559937510207,4.739191559717695,68.66931479642503,87.214498510427,92.0059582919563
15.138570833645487,0.5167868292117556,11.004837493867095,25.526450950179765,63.918849512069855,83.48741653826399
8.626364240107089,0.23694811609093333,4.758517365029023,79.19534145050291,90.23292747485442,94.33562731604025
12.007286513938576,0.6329640307410836,10.35038080100242,16.124260355029584,41.56804733727811,79.21597633136095
7.771545584664102,0.3003481570923756,5.190963145651167,55.12596657520579,87.62783736592667,91.71863307557994
17.978528177786604,0.5435790417150684,11.416559997314637,27.760252365930597,73.2721537137941,84.08373960424433
13.181552744827329,0.45982599503107624,7.6344986477945,58.129348106158204,77.0419994846689,83.43210512754445
11.675589944413272,0.29373528779898495,6.434637565464268,61.11529766390355,84.37578497864858,90.27882441597589
16.92283872187974,0.3134131256855901,9.446581889193228,54.31619786614937,82.51697381183317,91.00387972841901
8.512665302542057,0.2531597451762638,5.619675057894833,52.50860796851943,89.49827840629612,98.05705853418594
7.182413767623409,0.3649807630076999,5.792413028946385,34.50729277837068,57.20384204909285,70.90003557452864
8.27850846319655,0.35129747802496286,5.707971866471427,50.61904761904762,76.64285714285714,89.95238095238095
7.957685547989207,0.20917953520493623,4.535649321892098,72.29930624380574,84.51437066402379,87.6362735381566
15.403018115566105,0.41947910718620984,11.060436771691768,21.63327415673345,54.882069490235864,84.47882323104236
16.588723091758613,0.38069206372495606,10.914857514691157,36.21926229508197,75.07684426229508,88.65266393442623
14.984372000241173,0.22609180042088423,8.165767104023981,68.84486750707487,84.51247748906611,92.92513506560329
19.760190536870386,0.6096216747100908,14.06535296087974,26.100553283617995,54.318017801299014,68.29444310801058
12.156219521972275,0.3626409360999234,7.067911885047542,60.61680255228642,84.9344204182914,91.42148174406239
9.8332504024077,0.19544198195651802,5.377221231979836,79.52191235059762,91.97875166002656,96.73306772908367
9.00979351081497,0.42101192326358533,7.099879811057112,32.0139697322468,67.61350407450524,88.63795110593713
11.160210492620534,0.6978508191964123,10.001050377610644,14.920948616600791,43.65118577075099,68.18181818181817
12.450416329850674,0.6487913330963446,8.85375773058402,24.508426966292134,61.493445692883896,82.7247191011236
16.915212162108475,1.162159001386786,12.54904509252622,9.333685880486515,28.84717080909572,51.084082496033844
23.337481518743097,0.9638979440884368,16.618420403012344,13.115603939865213,29.88595127008813,49.6630378434422
11.725521988507378,0.25786322320291755,6.5180655015019715,72.01954397394137,87.39413680781759,92.57328990228014
9.15770386743383,0.2959513379528163,6.108468679818887,46.94708276797829,90.80054274084125,94.8168249660787
12.980528242961112,0.5159523044951616,9.70095529367231,17.657798643714138,54.12102243088158,92.61867501304121
8.754618543608688,0.2582031038793905,5.164320194390184,65.03433860853987,88.92206628844431,94.05792773962376
9.626119848701476,0.27681342630015304,5.526301551233468,56.48498979889245,80.88020985135529,90.58583503351792
10.169055531818563,0.28418932887769244,6.641898992875574,43.24039978958443,90.29458179905313,95.37085744345082
9.664375336072856,0.2674594279713843,5.0939893920859625,54.219030520646314,77.4685816876122,89.04847396768402
12.500131852465369,0.551517392988051,8.675709783407621,13.86316103973708,57.99223184941739,86.88377651628323
18.62626994064686,0.49464372263271134,9.945363501547227,45.19386106623586,75.44426494345718,84.65266558966074
26.89182675257713,0.5760615660081083,18.443901777485454,23.590368790003048,45.19963425784822,61.44468149954282
31.695161727535645,0.5994850507977851,26.809725780533768,12.335475971839609,33.39455157636976,54.269972451790636
14.185370044618484,0.21545228985725823,8.471102256918034,70.59477487493052,90.18899388549194,94.49694274596997
7.207309591684122,0.27717443127200475,5.533212881803748,48.66732477788746,89.36327739387957,98.7166831194472
8.02934498721102,0.3999237268557216,6.313515196156397,34.55396475770925,75.1101321585903,91.13436123348018
10.797078412587728,0.6067026875514197,9.031927615187437,15.050896752302473,46.58264663111973,79.47164323800291
8.804857296855614,0.19418371209010502,4.953139492837765,71.52844744455159,89.89874638379942,95.22661523625844
13.072654568678526,0.7589317992525753,10.623685679382854,18.623827125390957,38.69775376741541,55.6440147853284
12.541206431008046,0.5547433519445552,9.923605614110445,25.123616670591005,47.56298563692018,67.08264657405228
14.255840629859922,0.3646709660509886,8.579069165063453,43.36543606206528,69.26163723916532,78.1701444622793
12.198516530472437,0.26041421458587943,6.459386718495866,65.80895311949241,86.35882974973563,90.83538949594642
12.278354971432593,0.22248438532219428,6.26620681014242,70.70524412296564,85.4249547920434,89.87341772151899
14.663599111180329,0.3115603732921626,8.059796307819436,60.24096385542169,73.3433734939759,79.89457831325302
12.531444299372945,0.35158616911911955,7.58730404818026,42.493297587131366,80.75067024128685,87.53351206434317
13.488966370867347,0.29333949630106504,7.246277202396417,57.86978508217446,77.84450063211125,84.86093552465233
13.554078337842215,0.40392877088459744,8.37460930103533,48.848419925013395,74.12961971076594,86.0203535083021
11.01257771712128,0.39133829766811556,7.88754250824714,32.736784140969164,75.52312775330397,89.01431718061674
10.600785098054613,0.36411182574670536,6.814880033070269,38.22778345250256,78.24310520939734,92.97752808988764
11.630498125231199,0.29443092166197593,7.435516171601489,52.590529247910865,80.27855153203343,88.18941504178272
10.230343133580169,0.26696013195739415,6.077952740344673,61.451654270325726,78.89202359579379,87.68915106437548
14.094685266408922,0.9693792770530183,11.48395855016078,15.492957746478872,27.437703141928495,44.60996749729144
13.773739602898118,0.5075246863551325,10.417486991809005,17.627677100494235,38.63261943986821,57.111477210324004
11.241540971364387,0.28524793604989646,6.7929480936294215,59.210526315789465,86.69172932330828,94.06015037593986
12.946381612607812,0.2316701875689923,6.79222771135095,72.76712328767123,85.0958904109589,88.05479452054794
15.960692263045035,0.21525611886168414,8.317122693778307,69.97572160776909,86.10736444564337,90.09981116806043
17.509242886342808,0.2184391349945051,8.795498229931574,72.74391838869997,80.66963117970181,85.82265236725085
18.0655536053807,0.26542267345027964,9.48121469164644,66.70045615813483,79.47288393309681,84.56664977192094
17.805087839200553,0.2636224973149201,11.285617035339799,48.87609649122807,77.87828947368422,87.28070175438597
19.067794100658187,0.5426503797833598,14.028635225360025,11.328859060402685,45.0738255033557,77.42281879194631
18.692602317704154,0.6910018170676234,14.551408068246692,7.499339846844467,21.309743860575654,53.736466860311594
8.966856209842053,0.2836196138358668,6.85285262925321,34.734572891403936,79.06224737267583,93.20937752627324
9.247482821263214,0.289168749722036,6.375820419262513,46.065310492505354,85.62633832976445,96.1456102783726
8.87248031933884,0.24173118213074765,4.985924905074424,72.18237704918032,88.2172131147541,95.08196721311475
11.56819690737389,0.3236221572582165,8.057373481992107,27.34836285560923,75.1207729468599,90.3113258185722
14.447088421926193,0.5134935632780979,11.027898356271434,17.467555243774115,60.6804629954402,82.42721851981761
18.340176382814384,0.36460520188857415,15.431072846020404,22.927962819519752,64.23960753937517,85.85076168344952
10.16944867839652,0.2924344245060208,7.730481590411459,43.435077519379846,81.92829457364341,96.6812015503876
4.916944151590212,0.1443463542880609,2.848438623459191,84.28571428571429,92.12938005390836,94.36657681940702
9.602283701426394,0.4004982326717549,6.053493399259834,40.64020486555698,73.59795134443021,88.57874519846351
9.923433829150191,0.4340075857887693,7.043723046418568,37.07293433486794,68.69396656166707,84.75890477344318
11.314593612861561,0.6679332623282759,9.446894873222542,9.664170089393572,49.69799468470645,80.5991785455424
8.824025367200369,0.17744524085046354,5.552954641738801,72.21923696937131,93.41751746372918,97.50134336378291
8.89803919497337,0.30826554626849584,6.8777358340647465,29.34302778499091,68.21604777979745,87.56167229291093
11.743136958514913,0.4108757132662841,8.221911615702407,35.65052745469299,65.43143088991073,90.31647281579659
7.896177903640945,0.15643889678990613,4.224635203740772,77.16859716859716,93.7966537966538,96.96267696267697
6.5106334743621534,0.204053248607584,4.213548617320018,70.57057057057057,97.04704704704706,99.07407407407408
8.922283460167142,0.2663803279956257,5.588972004902249,53.69997120644976,75.17995968902966,86.40944428448027
10.494727363775448,0.2873627876678334,6.972624997872149,34.41933788754598,78.32369942196532,92.66946925906463
16.22716309031264,0.4014249445422545,11.138545401312587,25.534373194685152,71.54823801270942,90.03466204506066
10.722642217337887,0.21934158271481735,5.606733512609777,69.52112676056338,85.63380281690141,91.80281690140845
17.29768480713036,0.4217555380112887,10.928169013257046,28.735059760956176,62.42529880478087,87.87350597609563
15.755553102717226,0.49043362916086686,9.287912438443374,41.81444358776664,64.04523258802365,77.35800565407351
21.983298511406325,0.8335697197720259,14.25384523438109,29.28892413428496,45.96880782447793,59.92598466825271
17.952376446220054,0.2704249187170352,10.598364908630119,54.58526532715096,79.77846470891294,86.19268418341062
16.84673445002883,0.2687962550617007,10.180798987896821,61.250627825213456,77.87543947764942,84.60572576594676
10.9685717604835,0.3106138549570597,6.7326962813972395,61.84382345259859,82.16244450248107,87.90806999216507
13.324937643425617,0.3079465509296757,6.968518829070472,54.94949494949495,79.3073593073593,84.44444444444444
13.773963707655062,0.3140571074499908,6.99942677455915,46.939403260535215,73.8849584743156,85.23531221162719
13.625138578173722,0.35156412930247216,8.107368284308391,43.73913043478261,76.8695652173913,86.0
15.212019884072994,0.24852305448608883,7.546963531696147,64.30661205383265,87.71211234640141,91.1644236395553
15.176224544851353,0.5548393134398966,11.116724524013854,17.69123783031989,51.51599443671766,80.778859527121
11.662376558425942,0.3568023793509752,6.617974399797844,58.60606060606061,79.45454545454545,85.72727272727273
14.99579977500582,0.3273792214939438,7.882350469542548,54.9985255086995,82.89590091418461,88.82335594219994
14.02992684577539,0.26617172812987216,7.841390282784175,49.66694421315571,86.71940049958367,92.04829308909243
15.366415197764745,0.4719232734810616,10.552989966983546,10.798258345428156,32.7721335268505,64.61538461538461
12.07181954796836,0.2012367429277941,5.366904871329313,79.98787143723469,89.72104305639782,92.20739842328685
9.66347543242521,0.20614446736363534,4.358055624347523,83.06748466257669,90.920245398773,92.82208588957054
15.28354593790599,0.3149036570408204,8.6348567183114,57.18527315914489,79.3646080760095,86.37173396674585
10.716338979158914,0.23145353055172205,6.004205243552984,69.00566393958465,81.529263687854,85.24229074889867
12.620897074632426,0.26057101435992336,7.410876017402519,66.5625,86.875,93.32386363636364
10.735837995578438,0.2928005098797927,8.008641489267175,44.21901735516989,75.99608897580053,90.9068687362503
14.339270798896361,0.3442212633861349,10.085988893148139,24.9377799900448,72.72274763563962,89.0741662518666
15.243373415484086,0.39697849651139194,9.375034619025868,42.58274231678487,76.62529550827422,87.52955082742317
16.15706726213496,0.3246840537101774,9.465784463641446,40.20347883163768,79.88185100098457,85.46110928782409
16.52316990911142,0.3409147007342113,9.790990000280715,36.97709923664122,75.87786259541984,84.21374045801527
13.384199325190163,0.20835565417039376,6.717529634544138,73.83257403189066,86.4749430523918,91.05922551252847
